{
    "plugins": ["skills.goodday", "skills.weather", "skills.facts", "skills.jokes", "skills.calendar","skills.mirror","skills.pomodoro"],
    "skills": [
        {
            "name": "weather_skill"
        },
        {
            "name": "facts_skill"
        },
        {
            "name": "jokes_skill"
        },
        {
            "name": "goodday_skill"
        },
        {
            "name": "calendar_skill"
        },
        {
            "name": "mirror_mirror_skill"
        },
        {
            "name": "pomodoro_skill"
        }
    ]
}